-- phpMyAdmin SQL Dump
-- version 4.0.4
-- http://www.phpmyadmin.net
--
-- Host: 127.0.0.1
-- Generation Time: Sep 06, 2016 at 08:46 AM
-- Server version: 5.5.32
-- PHP Version: 5.4.16

SET SQL_MODE = "NO_AUTO_VALUE_ON_ZERO";
SET time_zone = "+00:00";


/*!40101 SET @OLD_CHARACTER_SET_CLIENT=@@CHARACTER_SET_CLIENT */;
/*!40101 SET @OLD_CHARACTER_SET_RESULTS=@@CHARACTER_SET_RESULTS */;
/*!40101 SET @OLD_COLLATION_CONNECTION=@@COLLATION_CONNECTION */;
/*!40101 SET NAMES utf8 */;

--
-- Database: `app`
--
CREATE DATABASE IF NOT EXISTS `app` DEFAULT CHARACTER SET latin1 COLLATE latin1_swedish_ci;
USE `app`;

-- --------------------------------------------------------

--
-- Table structure for table `app_authonticate`
--

CREATE TABLE IF NOT EXISTS `app_authonticate` (
  `login_id` bigint(20) NOT NULL AUTO_INCREMENT,
  `user_email` varchar(255) NOT NULL,
  `user_password` varchar(255) NOT NULL,
  `user_type` varchar(100) NOT NULL,
  `logged_ip` varchar(100) NOT NULL,
  `uniqid` varchar(100) NOT NULL,
  `mobile_number` varchar(15) NOT NULL,
  `logged_time` datetime NOT NULL,
  `status` int(2) NOT NULL,
  PRIMARY KEY (`login_id`)
) ENGINE=InnoDB  DEFAULT CHARSET=latin1 AUTO_INCREMENT=2 ;

--
-- Dumping data for table `app_authonticate`
--

INSERT INTO `app_authonticate` (`login_id`, `user_email`, `user_password`, `user_type`, `logged_ip`, `uniqid`, `mobile_number`, `logged_time`, `status`) VALUES
(1, 'ajaz@gmail.com', '1', 'master', '1', 'optisnotfound', '7411033926', '2016-09-01 00:00:00', 1);

-- --------------------------------------------------------

--
-- Table structure for table `app_leads`
--

CREATE TABLE IF NOT EXISTS `app_leads` (
  `lead_id` bigint(20) NOT NULL AUTO_INCREMENT,
  `lead_name` varchar(150) NOT NULL,
  `lead_email` varchar(150) NOT NULL,
  `lead_mobile` varchar(20) NOT NULL,
  `lead_address` text NOT NULL,
  `source_of_lead` varchar(255) NOT NULL,
  `district_name` varchar(255) NOT NULL,
  `assembly_name` varchar(255) NOT NULL,
  `ward_or_zp_name` varchar(255) NOT NULL,
  `polling_booth_no` varchar(255) NOT NULL,
  `campaign_group_name` varchar(255) NOT NULL,
  `voter_id` varchar(100) NOT NULL,
  `notepad` text NOT NULL,
  `uploaded_date` varchar(25) NOT NULL,
  `uploaded_by` varchar(100) NOT NULL,
  `uploaded_ip` varchar(100) NOT NULL,
  `modified_date` varchar(100) NOT NULL,
  `modified_by` varchar(100) NOT NULL,
  `modified_ip` varchar(100) NOT NULL,
  PRIMARY KEY (`lead_id`)
) ENGINE=InnoDB  DEFAULT CHARSET=latin1 AUTO_INCREMENT=131 ;

--
-- Dumping data for table `app_leads`
--

INSERT INTO `app_leads` (`lead_id`, `lead_name`, `lead_email`, `lead_mobile`, `lead_address`, `source_of_lead`, `district_name`, `assembly_name`, `ward_or_zp_name`, `polling_booth_no`, `campaign_group_name`, `voter_id`, `notepad`, `uploaded_date`, `uploaded_by`, `uploaded_ip`, `modified_date`, `modified_by`, `modified_ip`) VALUES
(1, 'Demo1', 'a@gmail.com1', '7411033926', 'DWD1', 'source1', '', '', '', '', '1', 'voter1', 'response1', '05-09-2016 14:57:49', '::1', '1', '0', '0', '0'),
(2, 'Demo2', 'a@gmail.com2', '7411033927', 'DWD2', 'source2', '', '', '', '', '2', 'voter2', 'response2', '05-09-2016 14:57:49', '::1', '1', '0', '0', '0'),
(3, 'Demo3', 'a@gmail.com3', '7411033928', 'DWD3', 'source3', '', '', '', '', '', 'voter3', 'response3', '05-09-2016 14:57:49', '::1', '1', '0', '0', '0'),
(4, 'Demo4', 'a@gmail.com4', '7411033929', 'DWD4', 'source4', '', '', '', '', '', 'voter4', 'response4', '05-09-2016 14:57:49', '::1', '1', '0', '0', '0'),
(5, 'Demo5', 'a@gmail.com5', '7411033930', 'DWD5', 'source5', '', '', '', '', '', 'voter5', 'response5', '05-09-2016 14:57:49', '::1', '1', '0', '0', '0'),
(6, 'Demo6', 'a@gmail.com6', '7411033931', 'DWD6', 'source6', '', '', '', '', '', 'voter6', 'response6', '05-09-2016 14:57:49', '::1', '1', '0', '0', '0'),
(7, 'Demo7', 'a@gmail.com7', '7411033932', 'DWD7', 'source7', '', '', '', '', '', 'voter7', 'response7', '05-09-2016 14:57:49', '::1', '1', '0', '0', '0'),
(8, 'Demo8', 'a@gmail.com8', '7411033933', 'DWD8', 'source8', '', '', '', '', '', 'voter8', 'response8', '05-09-2016 14:57:49', '::1', '1', '0', '0', '0'),
(9, 'Demo9', 'a@gmail.com9', '7411033934', 'DWD9', 'source9', '', '', '', '', '', 'voter9', 'response9', '05-09-2016 14:57:49', '::1', '1', '0', '0', '0'),
(10, 'Demo10', 'a@gmail.com10', '7411033935', 'DWD10', 'source10', '', '', '', '', '', 'voter10', 'response10', '05-09-2016 14:57:49', '::1', '1', '0', '0', '0'),
(11, 'Demo11', 'a@gmail.com11', '7411033936', 'DWD11', 'source11', '', '', '', '', '', 'voter11', 'response11', '05-09-2016 14:57:49', '::1', '1', '0', '0', '0'),
(12, 'Demo12', 'a@gmail.com12', '7411033937', 'DWD12', 'source12', '', '', '', '', '', 'voter12', 'response12', '05-09-2016 14:57:49', '::1', '1', '0', '0', '0'),
(13, 'Demo13', 'a@gmail.com13', '7411033938', 'DWD13', 'source13', '', '', '', '', '', 'voter13', 'response13', '05-09-2016 14:57:49', '::1', '1', '0', '0', '0'),
(14, 'Demo14', 'a@gmail.com14', '7411033939', 'DWD14', 'source14', '', '', '', '', '', 'voter14', 'response14', '05-09-2016 14:57:49', '::1', '1', '0', '0', '0'),
(15, 'Demo15', 'a@gmail.com15', '7411033940', 'DWD15', 'source15', '', '', '', '', '', 'voter15', 'response15', '05-09-2016 14:57:49', '::1', '1', '0', '0', '0'),
(16, 'Demo16', 'a@gmail.com16', '7411033941', 'DWD16', 'source16', '', '', '', '', '', 'voter16', 'response16', '05-09-2016 14:57:49', '::1', '1', '0', '0', '0'),
(17, 'Demo17', 'a@gmail.com17', '7411033942', 'DWD17', 'source17', '', '', '', '', '', 'voter17', 'response17', '05-09-2016 14:57:49', '::1', '1', '0', '0', '0'),
(18, 'Demo18', 'a@gmail.com18', '7411033943', 'DWD18', 'source18', '', '', '', '', '', 'voter18', 'response18', '05-09-2016 14:57:49', '::1', '1', '0', '0', '0'),
(19, 'Demo19', 'a@gmail.com19', '7411033944', 'DWD19', 'source19', '', '', '', '', '', 'voter19', 'response19', '05-09-2016 14:57:49', '::1', '1', '0', '0', '0'),
(20, 'Demo20', 'a@gmail.com20', '7411033945', 'DWD20', 'source20', '', '', '', '', '', 'voter20', 'response20', '05-09-2016 14:57:49', '::1', '1', '0', '0', '0'),
(21, 'Demo21', 'a@gmail.com21', '7411033946', 'DWD21', 'source21', '', '', '', '', '', 'voter21', 'response21', '05-09-2016 14:57:49', '::1', '1', '0', '0', '0'),
(22, 'Demo22', 'a@gmail.com22', '7411033947', 'DWD22', 'source22', '', '', '', '', '', 'voter22', 'response22', '05-09-2016 14:57:49', '::1', '1', '0', '0', '0'),
(23, 'Demo23', 'a@gmail.com23', '7411033948', 'DWD23', 'source23', '', '', '', '', '', 'voter23', 'response23', '05-09-2016 14:57:49', '::1', '1', '0', '0', '0'),
(24, 'Demo24', 'a@gmail.com24', '7411033949', 'DWD24', 'source24', '', '', '', '', '', 'voter24', 'response24', '05-09-2016 14:57:49', '::1', '1', '0', '0', '0'),
(25, 'Demo25', 'a@gmail.com25', '7411033950', 'DWD25', 'source25', '', '', '', '', '', 'voter25', 'response25', '05-09-2016 14:57:49', '::1', '1', '0', '0', '0'),
(26, 'Demo26', 'a@gmail.com26', '7411033951', 'DWD26', 'source26', '', '', '', '', '', 'voter26', 'response26', '05-09-2016 14:57:49', '::1', '1', '0', '0', '0'),
(27, 'Demo27', 'a@gmail.com27', '7411033952', 'DWD27', 'source27', '', '', '', '', '', 'voter27', 'response27', '05-09-2016 14:57:49', '::1', '1', '0', '0', '0'),
(28, 'Demo28', 'a@gmail.com28', '7411033953', 'DWD28', 'source28', '', '', '', '', '', 'voter28', 'response28', '05-09-2016 14:57:49', '::1', '1', '0', '0', '0'),
(29, 'Demo29', 'a@gmail.com29', '7411033954', 'DWD29', 'source29', '', '', '', '', '', 'voter29', 'response29', '05-09-2016 14:57:49', '::1', '1', '0', '0', '0'),
(30, 'Demo30', 'a@gmail.com30', '7411033955', 'DWD30', 'source30', '', '', '', '', '', 'voter30', 'response30', '05-09-2016 14:57:49', '::1', '1', '0', '0', '0'),
(31, 'Demo31', 'a@gmail.com31', '7411033956', 'DWD31', 'source31', '', '', '', '', '', 'voter31', 'response31', '05-09-2016 14:57:49', '::1', '1', '0', '0', '0'),
(32, 'Demo32', 'a@gmail.com32', '7411033957', 'DWD32', 'source32', '', '', '', '', '', 'voter32', 'response32', '05-09-2016 14:57:49', '::1', '1', '0', '0', '0'),
(33, 'Demo33', 'a@gmail.com33', '7411033958', 'DWD33', 'source33', '', '', '', '', '', 'voter33', 'response33', '05-09-2016 14:57:49', '::1', '1', '0', '0', '0'),
(34, 'Demo34', 'a@gmail.com34', '7411033959', 'DWD34', 'source34', '', '', '', '', '', 'voter34', 'response34', '05-09-2016 14:57:49', '::1', '1', '0', '0', '0'),
(35, 'Demo35', 'a@gmail.com35', '7411033960', 'DWD35', 'source35', '', '', '', '', '', 'voter35', 'response35', '05-09-2016 14:57:49', '::1', '1', '0', '0', '0'),
(36, 'Demo36', 'a@gmail.com36', '7411033961', 'DWD36', 'source36', '', '', '', '', '', 'voter36', 'response36', '05-09-2016 14:57:49', '::1', '1', '0', '0', '0'),
(37, 'Demo37', 'a@gmail.com37', '7411033962', 'DWD37', 'source37', '', '', '', '', '', 'voter37', 'response37', '05-09-2016 14:57:49', '::1', '1', '0', '0', '0'),
(38, 'Demo38', 'a@gmail.com38', '7411033963', 'DWD38', 'source38', '', '', '', '', '', 'voter38', 'response38', '05-09-2016 14:57:49', '::1', '1', '0', '0', '0'),
(39, 'Demo39', 'a@gmail.com39', '7411033964', 'DWD39', 'source39', '', '', '', '', '', 'voter39', 'response39', '05-09-2016 14:57:49', '::1', '1', '0', '0', '0'),
(40, 'Demo40', 'a@gmail.com40', '7411033965', 'DWD40', 'source40', '', '', '', '', '', 'voter40', 'response40', '05-09-2016 14:57:49', '::1', '1', '0', '0', '0'),
(41, 'Demo41', 'a@gmail.com41', '7411033966', 'DWD41', 'source41', '', '', '', '', '', 'voter41', 'response41', '05-09-2016 14:57:49', '::1', '1', '0', '0', '0'),
(42, 'Demo42', 'a@gmail.com42', '7411033967', 'DWD42', 'source42', '', '', '', '', '', 'voter42', 'response42', '05-09-2016 14:57:49', '::1', '1', '0', '0', '0'),
(43, 'Demo43', 'a@gmail.com43', '7411033968', 'DWD43', 'source43', '', '', '', '', '', 'voter43', 'response43', '05-09-2016 14:57:49', '::1', '1', '0', '0', '0'),
(44, 'Demo44', 'a@gmail.com44', '7411033969', 'DWD44', 'source44', '', '', '', '', '', 'voter44', 'response44', '05-09-2016 14:57:49', '::1', '1', '0', '0', '0'),
(45, 'Demo45', 'a@gmail.com45', '7411033970', 'DWD45', 'source45', '', '', '', '', '', 'voter45', 'response45', '05-09-2016 14:57:49', '::1', '1', '0', '0', '0'),
(46, 'Demo46', 'a@gmail.com46', '7411033971', 'DWD46', 'source46', '', '', '', '', '', 'voter46', 'response46', '05-09-2016 14:57:49', '::1', '1', '0', '0', '0'),
(47, 'Demo47', 'a@gmail.com47', '7411033972', 'DWD47', 'source47', '', '', '', '', '', 'voter47', 'response47', '05-09-2016 14:57:49', '::1', '1', '0', '0', '0'),
(48, 'Demo48', 'a@gmail.com48', '7411033973', 'DWD48', 'source48', '', '', '', '', '', 'voter48', 'response48', '05-09-2016 14:57:49', '::1', '1', '0', '0', '0'),
(49, 'Demo49', 'a@gmail.com49', '7411033974', 'DWD49', 'source49', '', '', '', '', '', 'voter49', 'response49', '05-09-2016 14:57:49', '::1', '1', '0', '0', '0'),
(50, 'Demo50', 'a@gmail.com50', '7411033975', 'DWD50', 'source50', '', '', '', '', '', 'voter50', 'response50', '05-09-2016 14:57:49', '::1', '1', '0', '0', '0'),
(51, 'Demo51', 'a@gmail.com51', '7411033976', 'DWD51', 'source51', '', '', '', '', '', 'voter51', 'response51', '05-09-2016 14:57:49', '::1', '1', '0', '0', '0'),
(52, 'Demo52', 'a@gmail.com52', '7411033977', 'DWD52', 'source52', '', '', '', '', '', 'voter52', 'response52', '05-09-2016 14:57:49', '::1', '1', '0', '0', '0'),
(53, 'Demo53', 'a@gmail.com53', '7411033978', 'DWD53', 'source53', '', '', '', '', '', 'voter53', 'response53', '05-09-2016 14:57:49', '::1', '1', '0', '0', '0'),
(54, 'Demo54', 'a@gmail.com54', '7411033979', 'DWD54', 'source54', '', '', '', '', '', 'voter54', 'response54', '05-09-2016 14:57:49', '::1', '1', '0', '0', '0'),
(55, 'Demo55', 'a@gmail.com55', '7411033980', 'DWD55', 'source55', '', '', '', '', '', 'voter55', 'response55', '05-09-2016 14:57:49', '::1', '1', '0', '0', '0'),
(56, 'Demo56', 'a@gmail.com56', '7411033981', 'DWD56', 'source56', '', '', '', '', '', 'voter56', 'response56', '05-09-2016 14:57:49', '::1', '1', '0', '0', '0'),
(57, 'Demo57', 'a@gmail.com57', '7411033982', 'DWD57', 'source57', '', '', '', '', '', 'voter57', 'response57', '05-09-2016 14:57:49', '::1', '1', '0', '0', '0'),
(58, 'Demo58', 'a@gmail.com58', '7411033983', 'DWD58', 'source58', '', '', '', '', '', 'voter58', 'response58', '05-09-2016 14:57:49', '::1', '1', '0', '0', '0'),
(59, 'Demo59', 'a@gmail.com59', '7411033984', 'DWD59', 'source59', '', '', '', '', '', 'voter59', 'response59', '05-09-2016 14:57:49', '::1', '1', '0', '0', '0'),
(60, 'Demo60', 'a@gmail.com60', '7411033985', 'DWD60', 'source60', '', '', '', '', '', 'voter60', 'response60', '05-09-2016 14:57:49', '::1', '1', '0', '0', '0'),
(61, 'Demo61', 'a@gmail.com61', '7411033986', 'DWD61', 'source61', '', '', '', '', '', 'voter61', 'response61', '05-09-2016 14:57:49', '::1', '1', '0', '0', '0'),
(62, 'Demo62', 'a@gmail.com62', '7411033987', 'DWD62', 'source62', '', '', '', '', '', 'voter62', 'response62', '05-09-2016 14:57:49', '::1', '1', '0', '0', '0'),
(63, 'Demo63', 'a@gmail.com63', '7411033988', 'DWD63', 'source63', '', '', '', '', '', 'voter63', 'response63', '05-09-2016 14:57:49', '::1', '1', '0', '0', '0'),
(64, 'Demo64', 'a@gmail.com64', '7411033989', 'DWD64', 'source64', '', '', '', '', '', 'voter64', 'response64', '05-09-2016 14:57:49', '::1', '1', '0', '0', '0'),
(65, 'Demo65', 'a@gmail.com65', '7411033990', 'DWD65', 'source65', '', '', '', '', '', 'voter65', 'response65', '05-09-2016 14:57:49', '::1', '1', '0', '0', '0'),
(66, 'Demo66', 'a@gmail.com66', '7411033991', 'DWD66', 'source66', '', '', '', '', '', 'voter66', 'response66', '05-09-2016 14:57:49', '::1', '1', '0', '0', '0'),
(67, 'Demo67', 'a@gmail.com67', '7411033992', 'DWD67', 'source67', '', '', '', '', '', 'voter67', 'response67', '05-09-2016 14:57:49', '::1', '1', '0', '0', '0'),
(68, 'Demo68', 'a@gmail.com68', '7411033993', 'DWD68', 'source68', '', '', '', '', '', 'voter68', 'response68', '05-09-2016 14:57:49', '::1', '1', '0', '0', '0'),
(69, 'Demo69', 'a@gmail.com69', '7411033994', 'DWD69', 'source69', '', '', '', '', '', 'voter69', 'response69', '05-09-2016 14:57:49', '::1', '1', '0', '0', '0'),
(70, 'Demo70', 'a@gmail.com70', '7411033995', 'DWD70', 'source70', '', '', '', '', '', 'voter70', 'response70', '05-09-2016 14:57:49', '::1', '1', '0', '0', '0'),
(71, 'Demo71', 'a@gmail.com71', '7411033996', 'DWD71', 'source71', '', '', '', '', '', 'voter71', 'response71', '05-09-2016 14:57:49', '::1', '1', '0', '0', '0'),
(72, 'Demo72', 'a@gmail.com72', '7411033997', 'DWD72', 'source72', '', '', '', '', '', 'voter72', 'response72', '05-09-2016 14:57:49', '::1', '1', '0', '0', '0'),
(73, 'Demo73', 'a@gmail.com73', '7411033998', 'DWD73', 'source73', '', '', '', '', '', 'voter73', 'response73', '05-09-2016 14:57:49', '::1', '1', '0', '0', '0'),
(74, 'Demo74', 'a@gmail.com74', '7411033999', 'DWD74', 'source74', '', '', '', '', '', 'voter74', 'response74', '05-09-2016 14:57:49', '::1', '1', '0', '0', '0'),
(75, 'Demo75', 'a@gmail.com75', '7411034000', 'DWD75', 'source75', '', '', '', '', '', 'voter75', 'response75', '05-09-2016 14:57:49', '::1', '1', '0', '0', '0'),
(76, 'Demo76', 'a@gmail.com76', '7411034001', 'DWD76', 'source76', '', '', '', '', '', 'voter76', 'response76', '05-09-2016 14:57:49', '::1', '1', '0', '0', '0'),
(77, 'Demo77', 'a@gmail.com77', '7411034002', 'DWD77', 'source77', '', '', '', '', '', 'voter77', 'response77', '05-09-2016 14:57:49', '::1', '1', '0', '0', '0'),
(78, 'Demo78', 'a@gmail.com78', '7411034003', 'DWD78', 'source78', '', '', '', '', '', 'voter78', 'response78', '05-09-2016 14:57:49', '::1', '1', '0', '0', '0'),
(79, 'Demo79', 'a@gmail.com79', '7411034004', 'DWD79', 'source79', '', '', '', '', '', 'voter79', 'response79', '05-09-2016 14:57:49', '::1', '1', '0', '0', '0'),
(80, 'Demo80', 'a@gmail.com80', '7411034005', 'DWD80', 'source80', '', '', '', '', '', 'voter80', 'response80', '05-09-2016 14:57:49', '::1', '1', '0', '0', '0'),
(81, 'Demo81', 'a@gmail.com81', '7411034006', 'DWD81', 'source81', '', '', '', '', '', 'voter81', 'response81', '05-09-2016 14:57:49', '::1', '1', '0', '0', '0'),
(82, 'Demo82', 'a@gmail.com82', '7411034007', 'DWD82', 'source82', '', '', '', '', '', 'voter82', 'response82', '05-09-2016 14:57:49', '::1', '1', '0', '0', '0'),
(83, 'Demo83', 'a@gmail.com83', '7411034008', 'DWD83', 'source83', '', '', '', '', '', 'voter83', 'response83', '05-09-2016 14:57:49', '::1', '1', '0', '0', '0'),
(84, 'Demo84', 'a@gmail.com84', '7411034009', 'DWD84', 'source84', '', '', '', '', '', 'voter84', 'response84', '05-09-2016 14:57:49', '::1', '1', '0', '0', '0'),
(85, 'Demo85', 'a@gmail.com85', '7411034010', 'DWD85', 'source85', '', '', '', '', '', 'voter85', 'response85', '05-09-2016 14:57:49', '::1', '1', '0', '0', '0'),
(86, 'Demo86', 'a@gmail.com86', '7411034011', 'DWD86', 'source86', '', '', '', '', '', 'voter86', 'response86', '05-09-2016 14:57:49', '::1', '1', '0', '0', '0'),
(87, 'Demo87', 'a@gmail.com87', '7411034012', 'DWD87', 'source87', '', '', '', '', '', 'voter87', 'response87', '05-09-2016 14:57:49', '::1', '1', '0', '0', '0'),
(88, 'Demo88', 'a@gmail.com88', '7411034013', 'DWD88', 'source88', '', '', '', '', '', 'voter88', 'response88', '05-09-2016 14:57:49', '::1', '1', '0', '0', '0'),
(89, 'Demo89', 'a@gmail.com89', '7411034014', 'DWD89', 'source89', '', '', '', '', '', 'voter89', 'response89', '05-09-2016 14:57:49', '::1', '1', '0', '0', '0'),
(90, 'Demo90', 'a@gmail.com90', '7411034015', 'DWD90', 'source90', '', '', '', '', '', 'voter90', 'response90', '05-09-2016 14:57:49', '::1', '1', '0', '0', '0'),
(91, 'Demo91', 'a@gmail.com91', '7411034016', 'DWD91', 'source91', '', '', '', '', '', 'voter91', 'response91', '05-09-2016 14:57:49', '::1', '1', '0', '0', '0'),
(92, 'Demo92', 'a@gmail.com92', '7411034017', 'DWD92', 'source92', '', '', '', '', '', 'voter92', 'response92', '05-09-2016 14:57:49', '::1', '1', '0', '0', '0'),
(93, 'Demo93', 'a@gmail.com93', '7411034018', 'DWD93', 'source93', '', '', '', '', '', 'voter93', 'response93', '05-09-2016 14:57:49', '::1', '1', '0', '0', '0'),
(94, 'Demo94', 'a@gmail.com94', '7411034019', 'DWD94', 'source94', '', '', '', '', '', 'voter94', 'response94', '05-09-2016 14:57:49', '::1', '1', '0', '0', '0'),
(95, 'Demo95', 'a@gmail.com95', '7411034020', 'DWD95', 'source95', '', '', '', '', '', 'voter95', 'response95', '05-09-2016 14:57:49', '::1', '1', '0', '0', '0'),
(96, 'Demo96', 'a@gmail.com96', '7411034021', 'DWD96', 'source96', '', '', '', '', '', 'voter96', 'response96', '05-09-2016 14:57:49', '::1', '1', '0', '0', '0'),
(97, 'Demo97', 'a@gmail.com97', '7411034022', 'DWD97', 'source97', '', '', '', '', '', 'voter97', 'response97', '05-09-2016 14:57:49', '::1', '1', '0', '0', '0'),
(98, 'Demo98', 'a@gmail.com98', '7411034023', 'DWD98', 'source98', '', '', '', '', '', 'voter98', 'response98', '05-09-2016 14:57:49', '::1', '1', '0', '0', '0'),
(99, 'Demo99', 'a@gmail.com99', '7411034024', 'DWD99', 'source99', '', '', '', '', '', 'voter99', 'response99', '05-09-2016 14:57:49', '::1', '1', '0', '0', '0'),
(100, 'Demo100', 'a@gmail.com100', '7411034025', 'DWD100', 'source100', '', '', '', '', '', 'voter100', 'response100', '05-09-2016 14:57:49', '::1', '1', '0', '0', '0'),
(101, 'Demo101', 'a@gmail.com101', '7411034026', 'DWD101', 'source101', '', '', '', '', '', 'voter101', 'response101', '05-09-2016 14:57:49', '::1', '1', '0', '0', '0'),
(102, 'Demo102', 'a@gmail.com102', '7411034027', 'DWD102', 'source102', '', '', '', '', '', 'voter102', 'response102', '05-09-2016 14:57:49', '::1', '1', '0', '0', '0'),
(103, 'Demo103', 'a@gmail.com103', '7411034028', 'DWD103', 'source103', '', '', '', '', '', 'voter103', 'response103', '05-09-2016 14:57:49', '::1', '1', '0', '0', '0'),
(104, 'Demo104', 'a@gmail.com104', '7411034029', 'DWD104', 'source104', '', '', '', '', '', 'voter104', 'response104', '05-09-2016 14:57:49', '::1', '1', '0', '0', '0'),
(105, 'Demo105', 'a@gmail.com105', '7411034030', 'DWD105', 'source105', '', '', '', '', '', 'voter105', 'response105', '05-09-2016 14:57:49', '::1', '1', '0', '0', '0'),
(106, 'Demo106', 'a@gmail.com106', '7411034031', 'DWD106', 'source106', '', '', '', '', '', 'voter106', 'response106', '05-09-2016 14:57:49', '::1', '1', '0', '0', '0'),
(107, 'Demo107', 'a@gmail.com107', '7411034032', 'DWD107', 'source107', '', '', '', '', '', 'voter107', 'response107', '05-09-2016 14:57:49', '::1', '1', '0', '0', '0'),
(108, 'Demo108', 'a@gmail.com108', '7411034033', 'DWD108', 'source108', '', '', '', '', '', 'voter108', 'response108', '05-09-2016 14:57:49', '::1', '1', '0', '0', '0'),
(109, 'Demo109', 'a@gmail.com109', '7411034034', 'DWD109', 'source109', '', '', '', '', '', 'voter109', 'response109', '05-09-2016 14:57:49', '::1', '1', '0', '0', '0'),
(110, 'Demo110', 'a@gmail.com110', '7411034035', 'DWD110', 'source110', '', '', '', '', '', 'voter110', 'response110', '05-09-2016 14:57:49', '::1', '1', '0', '0', '0'),
(111, 'Demo111', 'a@gmail.com111', '7411034036', 'DWD111', 'source111', '', '', '', '', '', 'voter111', 'response111', '05-09-2016 14:57:49', '::1', '1', '0', '0', '0'),
(112, 'Demo112', 'a@gmail.com112', '7411034037', 'DWD112', 'source112', '', '', '', '', '', 'voter112', 'response112', '05-09-2016 14:57:49', '::1', '1', '0', '0', '0'),
(113, 'Demo113', 'a@gmail.com113', '7411034038', 'DWD113', 'source113', '', '', '', '', '', 'voter113', 'response113', '05-09-2016 14:57:49', '::1', '1', '0', '0', '0'),
(114, 'Demo114', 'a@gmail.com114', '7411034039', 'DWD114', 'source114', '', '', '', '', '', 'voter114', 'response114', '05-09-2016 14:57:49', '::1', '1', '0', '0', '0'),
(115, 'Demo115', 'a@gmail.com115', '7411034040', 'DWD115', 'source115', '', '', '', '', '', 'voter115', 'response115', '05-09-2016 14:57:49', '::1', '1', '0', '0', '0'),
(116, 'Demo116', 'a@gmail.com116', '7411034041', 'DWD116', 'source116', '', '', '', '', '', 'voter116', 'response116', '05-09-2016 14:57:49', '::1', '1', '0', '0', '0'),
(117, 'Demo117', 'a@gmail.com117', '7411034042', 'DWD117', 'source117', '', '', '', '', '', 'voter117', 'response117', '05-09-2016 14:57:49', '::1', '1', '0', '0', '0'),
(118, 'Demo118', 'a@gmail.com118', '7411034043', 'DWD118', 'source118', '', '', '', '', '', 'voter118', 'response118', '05-09-2016 14:57:49', '::1', '1', '0', '0', '0'),
(119, 'Demo119', 'a@gmail.com119', '7411034044', 'DWD119', 'source119', '', '', '', '', '', 'voter119', 'response119', '05-09-2016 14:57:49', '::1', '1', '0', '0', '0'),
(120, 'Demo120', 'a@gmail.com120', '7411034045', 'DWD120', 'source120', '', '', '', '', '', 'voter120', 'response120', '05-09-2016 14:57:49', '::1', '1', '0', '0', '0'),
(121, 'Demo121', 'a@gmail.com121', '7411034046', 'DWD121', 'source121', '', '', '', '', '', 'voter121', 'response121', '05-09-2016 14:57:49', '::1', '1', '0', '0', '0'),
(122, 'Demo122', 'a@gmail.com122', '7411034047', 'DWD122', 'source122', '', '', '', '', '', 'voter122', 'response122', '05-09-2016 14:57:49', '::1', '1', '0', '0', '0'),
(123, 'Demo123', 'a@gmail.com123', '7411034048', 'DWD123', 'source123', '', '', '', '', '', 'voter123', 'response123', '05-09-2016 14:57:49', '::1', '1', '0', '0', '0'),
(124, 'Demo124', 'a@gmail.com124', '7411034049', 'DWD124', 'source124', '', '', '', '', '', 'voter124', 'response124', '05-09-2016 14:57:49', '::1', '1', '0', '0', '0'),
(125, 'Demo125', 'a@gmail.com125', '7411034050', 'DWD125', 'source125', '', '', '', '', '', 'voter125', 'response125', '05-09-2016 14:57:49', '::1', '1', '0', '0', '0'),
(126, 'Demo126', 'a@gmail.com126', '7411034051', 'DWD126', 'source126', '', '', '', '', '', 'voter126', 'response126', '05-09-2016 14:57:49', '::1', '1', '0', '0', '0'),
(127, 'Demo127', 'a@gmail.com127', '7411034052', 'DWD127', 'source127', '', '', '', '', '', 'voter127', 'response127', '05-09-2016 14:57:49', '::1', '1', '0', '0', '0'),
(128, 'Demo128', 'a@gmail.com128', '7411034053', 'DWD128', 'source128', '', '', '', '', '', 'voter128', 'response128', '05-09-2016 14:57:49', '::1', '1', '0', '0', '0'),
(129, 'Demo129', 'a@gmail.com129', '7411034054', 'DWD129', 'source129', '', '', '', '', '', 'voter129', 'response129', '05-09-2016 14:57:49', '::1', '1', '0', '0', '0'),
(130, 'Demo130', 'a@gmail.com130', '7411034055', 'DWD130', 'source130', '', '', '', '', '', 'voter130', 'response130', '05-09-2016 14:57:49', '::1', '1', '0', '0', '0');

-- --------------------------------------------------------

--
-- Table structure for table `app_logins_history`
--

CREATE TABLE IF NOT EXISTS `app_logins_history` (
  `login_history_id` int(11) NOT NULL AUTO_INCREMENT,
  `logged_ip` varchar(50) NOT NULL,
  `logged_time` datetime NOT NULL,
  `logged_out_time` datetime NOT NULL,
  PRIMARY KEY (`login_history_id`)
) ENGINE=InnoDB  DEFAULT CHARSET=latin1 AUTO_INCREMENT=13 ;

--
-- Dumping data for table `app_logins_history`
--

INSERT INTO `app_logins_history` (`login_history_id`, `logged_ip`, `logged_time`, `logged_out_time`) VALUES
(1, '::1', '2016-09-04 12:22:29', '2016-09-04 12:22:49'),
(2, '::1', '2016-09-04 12:25:34', '0000-00-00 00:00:00'),
(3, '::1', '2016-09-04 12:26:03', '0000-00-00 00:00:00'),
(4, '::1', '2016-09-04 12:26:44', '2016-09-04 12:33:33'),
(5, '::1', '2016-09-04 12:39:08', '0000-00-00 00:00:00'),
(6, '::1', '2016-09-04 07:15:15', '2016-09-04 07:17:07'),
(7, '::1', '2016-09-04 07:17:56', '2016-09-04 08:53:46'),
(8, '::1', '2016-09-04 08:55:57', '2016-09-05 12:25:51'),
(9, '::1', '2016-09-05 09:12:28', '0000-00-00 00:00:00'),
(10, '::1', '2016-09-05 01:55:50', '2016-09-05 03:27:45'),
(11, '::1', '2016-09-05 03:28:19', '0000-00-00 00:00:00'),
(12, '::1', '2016-09-06 10:14:05', '0000-00-00 00:00:00');

-- --------------------------------------------------------

--
-- Table structure for table `assemblis`
--

CREATE TABLE IF NOT EXISTS `assemblis` (
  `assembli_id` int(11) NOT NULL AUTO_INCREMENT,
  `assembly_name` varchar(255) NOT NULL,
  `district_id` int(100) NOT NULL,
  `ward_zip` varchar(100) NOT NULL,
  `pooling_booth` varchar(100) NOT NULL,
  `uploaded_date` varchar(100) NOT NULL,
  `uploaded_by` varchar(100) NOT NULL,
  `uploaded_ip` varchar(50) NOT NULL,
  `modified_date` varchar(25) NOT NULL,
  `modified_by` int(100) NOT NULL,
  `modified_ip` int(100) NOT NULL,
  PRIMARY KEY (`assembli_id`)
) ENGINE=InnoDB  DEFAULT CHARSET=latin1 AUTO_INCREMENT=225 ;

--
-- Dumping data for table `assemblis`
--

INSERT INTO `assemblis` (`assembli_id`, `assembly_name`, `district_id`, `ward_zip`, `pooling_booth`, `uploaded_date`, `uploaded_by`, `uploaded_ip`, `modified_date`, `modified_by`, `modified_ip`) VALUES
(1, 'Nippani', 1, '123', '155698', '6/9/2016', 'Master', '192.168.1.1', '0', 0, 0),
(2, 'Chikkodi-Sadalga', 1, '1234', '155699', '6/9/2016', 'Master', '192.168.1.2', '0', 0, 0),
(3, 'Athni', 1, '2345', '155700', '6/9/2016', 'Master', '192.168.1.3', '0', 0, 0),
(4, 'Kagawad', 1, '3456', '155701', '6/9/2016', 'Master', '192.168.1.4', '0', 0, 0),
(5, 'Kudachi (SC)', 1, '4567', '155702', '6/9/2016', 'Master', '192.168.1.5', '0', 0, 0),
(6, 'Raybag (SC)', 1, '5678', '155703', '6/9/2016', 'Master', '192.168.1.6', '0', 0, 0),
(7, 'Hukeri', 1, '6789', '155704', '6/9/2016', 'Master', '192.168.1.7', '0', 0, 0),
(8, 'Arabhavi', 1, '7900', '155705', '6/9/2016', 'Master', '192.168.1.8', '0', 0, 0),
(9, 'Gokak', 1, '9011', '155706', '6/9/2016', 'Master', '192.168.1.9', '0', 0, 0),
(10, 'Yemkanmardi (ST)', 1, '10122', '155707', '6/9/2016', 'Master', '192.168.1.10', '0', 0, 0),
(11, 'Belgaum Uttar', 1, '11233', '155708', '6/9/2016', 'Master', '192.168.1.11', '0', 0, 0),
(12, 'Belgaum Dakshin', 1, '12344', '155709', '6/9/2016', 'Master', '192.168.1.12', '0', 0, 0),
(13, 'Belgaum Rural', 1, '13455', '155710', '6/9/2016', 'Master', '192.168.1.13', '0', 0, 0),
(14, 'Khanapur', 1, '14566', '155711', '6/9/2016', 'Master', '192.168.1.14', '0', 0, 0),
(15, 'Kittur', 1, '15677', '155712', '6/9/2016', 'Master', '192.168.1.15', '0', 0, 0),
(16, 'Bailhongal', 1, '16788', '155713', '6/9/2016', 'Master', '192.168.1.16', '0', 0, 0),
(17, 'Saundatti Yellamma', 1, '17899', '155714', '6/9/2016', 'Master', '192.168.1.17', '0', 0, 0),
(18, 'Ramdurg', 1, '19010', '155715', '6/9/2016', 'Master', '192.168.1.18', '0', 0, 0),
(19, 'Mudhol (SC)', 2, '20121', '155716', '6/9/2016', 'Master', '192.168.1.19', '0', 0, 0),
(20, 'Terdal', 2, '21232', '155717', '6/9/2016', 'Master', '192.168.1.20', '0', 0, 0),
(21, 'Jamkhandi', 2, '22343', '155718', '6/9/2016', 'Master', '192.168.1.21', '0', 0, 0),
(22, 'Bilgi', 2, '23454', '155719', '6/9/2016', 'Master', '192.168.1.22', '0', 0, 0),
(23, 'Badami', 2, '24565', '155720', '6/9/2016', 'Master', '192.168.1.23', '0', 0, 0),
(24, 'Bagalkot', 2, '25676', '155721', '6/9/2016', 'Master', '192.168.1.24', '0', 0, 0),
(25, 'Hungund', 2, '26787', '155722', '6/9/2016', 'Master', '192.168.1.25', '0', 0, 0),
(26, 'Muddebihal', 3, '27898', '155723', '6/9/2016', 'Master', '192.168.1.26', '0', 0, 0),
(27, 'Devar Hippargi', 3, '29009', '155724', '6/9/2016', 'Master', '192.168.1.27', '0', 0, 0),
(28, 'Basavana Bagevadi', 3, '30120', '155725', '6/9/2016', 'Master', '192.168.1.28', '0', 0, 0),
(29, 'Babaleshwar', 3, '31231', '155726', '6/9/2016', 'Master', '192.168.1.29', '0', 0, 0),
(30, 'Bijapur City', 3, '32342', '155727', '6/9/2016', 'Master', '192.168.1.30', '0', 0, 0),
(31, 'Nagthan (SC)', 3, '33453', '155728', '6/9/2016', 'Master', '192.168.1.31', '0', 0, 0),
(32, 'Indi', 3, '34564', '155729', '6/9/2016', 'Master', '192.168.1.32', '0', 0, 0),
(33, 'Sindgi', 3, '35675', '155730', '6/9/2016', 'Master', '192.168.1.33', '0', 0, 0),
(34, 'Afzalpur', 4, '36786', '155731', '6/9/2016', 'Master', '192.168.1.34', '0', 0, 0),
(35, 'Jevargi', 4, '37897', '155732', '6/9/2016', 'Master', '192.168.1.35', '0', 0, 0),
(36, 'Chitapur (SC)', 4, '39008', '155733', '6/9/2016', 'Master', '192.168.1.36', '0', 0, 0),
(37, 'Sedam', 4, '40119', '155734', '6/9/2016', 'Master', '192.168.1.37', '0', 0, 0),
(38, 'Chincholi (ST)', 4, '41230', '155735', '6/9/2016', 'Master', '192.168.1.38', '0', 0, 0),
(39, 'Gulbarga Rural (SC)', 4, '42341', '155736', '6/9/2016', 'Master', '192.168.1.39', '0', 0, 0),
(40, 'Gulbarga Dakshin', 4, '43452', '155737', '6/9/2016', 'Master', '192.168.1.40', '0', 0, 0),
(41, 'Gulbarga Uttar', 4, '44563', '155738', '6/9/2016', 'Master', '192.168.1.41', '0', 0, 0),
(42, 'Aland', 4, '45674', '155739', '6/9/2016', 'Master', '192.168.1.42', '0', 0, 0),
(43, 'Raichur Rural (ST)', 6, '46785', '155740', '6/9/2016', 'Master', '192.168.1.43', '0', 0, 0),
(44, 'Raichur', 6, '47896', '155741', '6/9/2016', 'Master', '192.168.1.44', '0', 0, 0),
(45, 'Manvi (ST)', 6, '49007', '155742', '6/9/2016', 'Master', '192.168.1.45', '0', 0, 0),
(46, 'Devadurga (ST)', 6, '50118', '155743', '6/9/2016', 'Master', '192.168.1.46', '0', 0, 0),
(47, 'Lingasugur (SC)', 6, '51229', '155744', '6/9/2016', 'Master', '192.168.1.47', '0', 0, 0),
(48, 'Sindhanur', 6, '52340', '155745', '6/9/2016', 'Master', '192.168.1.48', '0', 0, 0),
(49, 'Maski (ST)', 6, '53451', '155746', '6/9/2016', 'Master', '192.168.1.49', '0', 0, 0),
(50, 'Basavakalyan', 5, '54562', '155747', '6/9/2016', 'Master', '192.168.1.50', '0', 0, 0),
(51, 'Humnabad', 5, '55673', '155748', '6/9/2016', 'Master', '192.168.1.51', '0', 0, 0),
(52, 'Bidar South', 5, '56784', '155749', '6/9/2016', 'Master', '192.168.1.52', '0', 0, 0),
(53, 'Bidar', 5, '57895', '155750', '6/9/2016', 'Master', '192.168.1.53', '0', 0, 0),
(54, 'Bhalki', 5, '59006', '155751', '6/9/2016', 'Master', '192.168.1.54', '0', 0, 0),
(55, 'Aurad (SC)', 5, '60117', '155752', '6/9/2016', 'Master', '192.168.1.55', '0', 0, 0),
(56, 'Kushtagi', 7, '61228', '155753', '6/9/2016', 'Master', '192.168.1.56', '0', 0, 0),
(57, 'Kanakagiri (SC)', 7, '62339', '155754', '6/9/2016', 'Master', '192.168.1.57', '0', 0, 0),
(58, 'Gangavathi', 7, '63450', '155755', '6/9/2016', 'Master', '192.168.1.58', '0', 0, 0),
(59, 'Yelburga', 7, '64561', '155756', '6/9/2016', 'Master', '192.168.1.59', '0', 0, 0),
(60, 'Koppal', 7, '65672', '155757', '6/9/2016', 'Master', '192.168.1.60', '0', 0, 0),
(61, 'Hadagalli (SC)', 12, '66783', '155758', '6/9/2016', 'Master', '192.168.1.61', '0', 0, 0),
(62, 'Hagaribommanahalli (SC)', 12, '67894', '155759', '6/9/2016', 'Master', '192.168.1.62', '0', 0, 0),
(63, 'Vijayanagara', 12, '69005', '155760', '6/9/2016', 'Master', '192.168.1.63', '0', 0, 0),
(64, 'Kampli (ST)', 12, '70116', '155761', '6/9/2016', 'Master', '192.168.1.64', '0', 0, 0),
(65, 'Siruguppa (ST)', 12, '71227', '155762', '6/9/2016', 'Master', '192.168.1.65', '0', 0, 0),
(66, 'Bellary (ST)', 12, '72338', '155763', '6/9/2016', 'Master', '192.168.1.66', '0', 0, 0),
(67, 'Bellary City', 12, '73449', '155764', '6/9/2016', 'Master', '192.168.1.67', '0', 0, 0),
(68, 'Sandur (ST)', 12, '74560', '155765', '6/9/2016', 'Master', '192.168.1.68', '0', 0, 0),
(69, 'Kudligi (ST)', 12, '75671', '155766', '6/9/2016', 'Master', '192.168.1.69', '0', 0, 0),
(70, 'Hanagal', 11, '76782', '155767', '6/9/2016', 'Master', '192.168.1.70', '0', 0, 0),
(71, 'Shiggaon', 11, '77893', '155768', '6/9/2016', 'Master', '192.168.1.71', '0', 0, 0),
(72, 'Haveri (SC)', 11, '79004', '155769', '6/9/2016', 'Master', '192.168.1.72', '0', 0, 0),
(73, 'Byadagi', 11, '80115', '155770', '6/9/2016', 'Master', '192.168.1.73', '0', 0, 0),
(74, 'Hirekerur', 11, '81226', '155771', '6/9/2016', 'Master', '192.168.1.74', '0', 0, 0),
(75, 'Ranebennuru', 11, '82337', '155772', '6/9/2016', 'Master', '192.168.1.75', '0', 0, 0),
(76, 'Navalgund', 9, '83448', '155773', '6/9/2016', 'Master', '192.168.1.76', '0', 0, 0),
(77, 'Kundgol', 9, '84559', '155774', '6/9/2016', 'Master', '192.168.1.77', '0', 0, 0),
(78, 'Dharwad', 9, '85670', '155775', '6/9/2016', 'Master', '192.168.1.78', '0', 0, 0),
(79, 'Hubli-Dharwad-East (SC)', 9, '86781', '155776', '6/9/2016', 'Master', '192.168.1.79', '0', 0, 0),
(80, 'Hubli-Dharwad-Central', 9, '87892', '155777', '6/9/2016', 'Master', '192.168.1.80', '0', 0, 0),
(81, 'Hubli-Dharwad-West', 9, '89003', '155778', '6/9/2016', 'Master', '192.168.1.81', '0', 0, 0),
(82, 'Kalghatgi', 9, '90114', '155779', '6/9/2016', 'Master', '192.168.1.82', '0', 0, 0),
(83, 'Haliyal', 10, '91225', '155780', '6/9/2016', 'Master', '192.168.1.83', '0', 0, 0),
(84, 'Karwar', 10, '92336', '155781', '6/9/2016', 'Master', '192.168.1.84', '0', 0, 0),
(85, 'Kumta', 10, '93447', '155782', '6/9/2016', 'Master', '192.168.1.85', '0', 0, 0),
(86, 'Bhatkal', 10, '94558', '155783', '6/9/2016', 'Master', '192.168.1.86', '0', 0, 0),
(87, 'Sirsi', 10, '95669', '155784', '6/9/2016', 'Master', '192.168.1.87', '0', 0, 0),
(88, 'Yellapur', 10, '96780', '155785', '6/9/2016', 'Master', '192.168.1.88', '0', 0, 0),
(89, 'Jagalur (ST)', 14, '97891', '155786', '6/9/2016', 'Master', '192.168.1.89', '0', 0, 0),
(90, 'Harapanahalli', 14, '99002', '155787', '6/9/2016', 'Master', '192.168.1.90', '0', 0, 0),
(91, 'Harihar', 14, '100113', '155788', '6/9/2016', 'Master', '192.168.1.91', '0', 0, 0),
(92, 'Davanagere North', 14, '101224', '155789', '6/9/2016', 'Master', '192.168.1.92', '0', 0, 0),
(93, 'Davanagere South', 14, '102335', '155790', '6/9/2016', 'Master', '192.168.1.93', '0', 0, 0),
(94, 'Mayakonda (SC)', 14, '103446', '155791', '6/9/2016', 'Master', '192.168.1.94', '0', 0, 0),
(95, 'Channagiri', 14, '104557', '155792', '6/9/2016', 'Master', '192.168.1.95', '0', 0, 0),
(96, 'Honnali', 14, '105668', '155793', '6/9/2016', 'Master', '192.168.1.96', '0', 0, 0),
(97, 'Shimoga Rural (SC)', 15, '106779', '155794', '6/9/2016', 'Master', '192.168.1.97', '0', 0, 0),
(98, 'Bhadravati', 15, '107890', '155795', '6/9/2016', 'Master', '192.168.1.98', '0', 0, 0),
(99, 'Shimoga', 15, '109001', '155796', '6/9/2016', 'Master', '192.168.1.99', '0', 0, 0),
(100, 'Tirthahalli', 15, '110112', '155797', '6/9/2016', 'Master', '192.168.1.100', '0', 0, 0),
(101, 'Shikaripur', 15, '111223', '155798', '6/9/2016', 'Master', '192.168.1.101', '0', 0, 0),
(102, 'Sorab', 15, '112334', '155799', '6/9/2016', 'Master', '192.168.1.102', '0', 0, 0),
(103, 'Sagar', 15, '113445', '155800', '6/9/2016', 'Master', '192.168.1.103', '0', 0, 0),
(104, 'Sringeri', 17, '114556', '155801', '6/9/2016', 'Master', '192.168.1.104', '0', 0, 0),
(105, 'Mudigere (SC)', 17, '115667', '155802', '6/9/2016', 'Master', '192.168.1.105', '0', 0, 0),
(106, 'Chikmagalur', 17, '116778', '155803', '6/9/2016', 'Master', '192.168.1.106', '0', 0, 0),
(107, 'Tarikere', 17, '117889', '155804', '6/9/2016', 'Master', '192.168.1.107', '0', 0, 0),
(108, 'Kadur', 17, '119000', '155805', '6/9/2016', 'Master', '192.168.1.108', '0', 0, 0),
(109, 'Shravanabelagola', 25, '120111', '155806', '6/9/2016', 'Master', '192.168.1.109', '0', 0, 0),
(110, 'Arsikere', 25, '121222', '155807', '6/9/2016', 'Master', '192.168.1.110', '0', 0, 0),
(111, 'Belur', 25, '122333', '155808', '6/9/2016', 'Master', '192.168.1.111', '0', 0, 0),
(112, 'Hassan', 25, '123444', '155809', '6/9/2016', 'Master', '192.168.1.112', '0', 0, 0),
(113, 'Holenarasipur', 25, '124555', '155810', '6/9/2016', 'Master', '192.168.1.113', '0', 0, 0),
(114, 'Arkalgud', 25, '125666', '155811', '6/9/2016', 'Master', '192.168.1.114', '0', 0, 0),
(115, 'Sakleshpur (SC)', 25, '126777', '155812', '6/9/2016', 'Master', '192.168.1.115', '0', 0, 0),
(116, 'Belthangady', 26, '127888', '155813', '6/9/2016', 'Master', '192.168.1.116', '0', 0, 0),
(117, 'Moodabidri', 26, '128999', '155814', '6/9/2016', 'Master', '192.168.1.117', '0', 0, 0),
(118, 'Mangalore City North', 26, '130110', '155815', '6/9/2016', 'Master', '192.168.1.118', '0', 0, 0),
(119, 'Mangalore City South', 26, '131221', '155816', '6/9/2016', 'Master', '192.168.1.119', '0', 0, 0),
(120, 'Mangalore', 26, '132332', '155817', '6/9/2016', 'Master', '192.168.1.120', '0', 0, 0),
(121, 'Bantval', 26, '133443', '155818', '6/9/2016', 'Master', '192.168.1.121', '0', 0, 0),
(122, 'Puttur', 26, '134554', '155819', '6/9/2016', 'Master', '192.168.1.122', '0', 0, 0),
(123, 'Sullia (SC)', 26, '135665', '155820', '6/9/2016', 'Master', '192.168.1.123', '0', 0, 0),
(124, 'Molakalmuru (ST)', 13, '136776', '155821', '6/9/2016', 'Master', '192.168.1.124', '0', 0, 0),
(125, 'Challakere (ST)', 13, '137887', '155822', '6/9/2016', 'Master', '192.168.1.125', '0', 0, 0),
(126, 'Chitradurga', 13, '138998', '155823', '6/9/2016', 'Master', '192.168.1.126', '0', 0, 0),
(127, 'Hiriyur', 13, '140109', '155824', '6/9/2016', 'Master', '192.168.1.127', '0', 0, 0),
(128, 'Hosadurga', 13, '141220', '155825', '6/9/2016', 'Master', '192.168.1.128', '0', 0, 0),
(129, 'Holalkere (SC)', 13, '142331', '155826', '6/9/2016', 'Master', '192.168.1.129', '0', 0, 0),
(130, 'Chiknayakanhalli', 18, '143442', '155827', '6/9/2016', 'Master', '192.168.1.130', '0', 0, 0),
(131, 'Tiptur', 18, '144553', '155828', '6/9/2016', 'Master', '192.168.1.131', '0', 0, 0),
(132, 'Turuvekere', 18, '145664', '155829', '6/9/2016', 'Master', '192.168.1.132', '0', 0, 0),
(133, 'Kunigal', 18, '146775', '155830', '6/9/2016', 'Master', '192.168.1.133', '0', 0, 0),
(134, 'Tumkur City', 18, '147886', '155831', '6/9/2016', 'Master', '192.168.1.134', '0', 0, 0),
(135, 'Tumkur Rural', 18, '148997', '155832', '6/9/2016', 'Master', '192.168.1.135', '0', 0, 0),
(136, 'Koratagere (SC)', 18, '150108', '155833', '6/9/2016', 'Master', '192.168.1.136', '0', 0, 0),
(137, 'Gubbi', 18, '151219', '155834', '6/9/2016', 'Master', '192.168.1.137', '0', 0, 0),
(138, 'Sira', 18, '152330', '155835', '6/9/2016', 'Master', '192.168.1.138', '0', 0, 0),
(139, 'Pavagada (SC)', 18, '153441', '155836', '6/9/2016', 'Master', '192.168.1.139', '0', 0, 0),
(140, 'Madhugiri', 18, '154552', '155837', '6/9/2016', 'Master', '192.168.1.140', '0', 0, 0),
(141, 'Malavalli (SC)', 24, '155663', '155838', '6/9/2016', 'Master', '192.168.1.141', '0', 0, 0),
(142, 'Maddur', 24, '156774', '155839', '6/9/2016', 'Master', '192.168.1.142', '0', 0, 0),
(143, 'Melukote', 24, '157885', '155840', '6/9/2016', 'Master', '192.168.1.143', '0', 0, 0),
(144, 'Mandya', 24, '158996', '155841', '6/9/2016', 'Master', '192.168.1.144', '0', 0, 0),
(145, 'Shrirangapattana', 24, '160107', '155842', '6/9/2016', 'Master', '192.168.1.145', '0', 0, 0),
(146, 'Nagamangala', 24, '161218', '155843', '6/9/2016', 'Master', '192.168.1.146', '0', 0, 0),
(147, 'Krishnarajpet', 24, '162329', '155844', '6/9/2016', 'Master', '192.168.1.147', '0', 0, 0),
(148, 'Piriyapatna', 28, '163440', '155845', '6/9/2016', 'Master', '192.168.1.148', '0', 0, 0),
(149, 'Krishnarajanagar', 28, '164551', '155846', '6/9/2016', 'Master', '192.168.1.149', '0', 0, 0),
(150, 'Hunsur', 28, '165662', '155847', '6/9/2016', 'Master', '192.168.1.150', '0', 0, 0),
(151, 'Heggadadevankote (ST)', 28, '166773', '155848', '6/9/2016', 'Master', '192.168.1.151', '0', 0, 0),
(152, 'Nanjangud (SC)', 28, '167884', '155849', '6/9/2016', 'Master', '192.168.1.152', '0', 0, 0),
(153, 'Chamundeshwari', 28, '168995', '155850', '6/9/2016', 'Master', '192.168.1.153', '0', 0, 0),
(154, 'Krishnaraja', 28, '170106', '155851', '6/9/2016', 'Master', '192.168.1.154', '0', 0, 0),
(155, 'Chamaraja', 28, '171217', '155852', '6/9/2016', 'Master', '192.168.1.155', '0', 0, 0),
(156, 'Narasimharaja', 28, '172328', '155853', '6/9/2016', 'Master', '192.168.1.156', '0', 0, 0),
(157, 'Varuna', 28, '173439', '155854', '6/9/2016', 'Master', '192.168.1.157', '0', 0, 0),
(158, 'T Narasipur (SC)', 28, '174550', '155855', '6/9/2016', 'Master', '192.168.1.158', '0', 0, 0),
(159, 'Hanur', 29, '175661', '155856', '6/9/2016', 'Master', '192.168.1.159', '0', 0, 0),
(160, 'Kollegal (SC)', 29, '176772', '155857', '6/9/2016', 'Master', '192.168.1.160', '0', 0, 0),
(161, 'Chamarajanagar', 29, '177883', '155858', '6/9/2016', 'Master', '192.168.1.161', '0', 0, 0),
(162, 'Gundlupet', 29, '178994', '155859', '6/9/2016', 'Master', '192.168.1.162', '0', 0, 0),
(163, 'Bangalore South', 34, '180105', '155860', '6/9/2016', 'Master', '192.168.1.163', '0', 0, 0),
(164, 'Anekal (SC)', 34, '181216', '155861', '6/9/2016', 'Master', '192.168.1.164', '0', 0, 0),
(165, 'Yelahanka', 34, '182327', '155862', '6/9/2016', 'Master', '192.168.1.165', '0', 0, 0),
(166, 'K R Pura', 32, '183438', '155863', '6/9/2016', 'Master', '192.168.1.166', '0', 0, 0),
(167, 'Byatarayanapura', 34, '184549', '155864', '6/9/2016', 'Master', '192.168.1.167', '0', 0, 0),
(168, 'Yeshvanthapura', 34, '185660', '155865', '6/9/2016', 'Master', '192.168.1.168', '0', 0, 0),
(169, 'Dasarahalli', 34, '186771', '155866', '6/9/2016', 'Master', '192.168.1.169', '0', 0, 0),
(170, 'Mahalakshmi Layout', 32, '187882', '155867', '6/9/2016', 'Master', '192.168.1.170', '0', 0, 0),
(171, 'Malleshwaram', 32, '188993', '155868', '6/9/2016', 'Master', '192.168.1.171', '0', 0, 0),
(172, 'Hebbal', 32, '190104', '155869', '6/9/2016', 'Master', '192.168.1.172', '0', 0, 0),
(173, 'Pulakeshinagar (SC)', 32, '191215', '155870', '6/9/2016', 'Master', '192.168.1.173', '0', 0, 0),
(174, 'Sarvagnanagar', 32, '192326', '155871', '6/9/2016', 'Master', '192.168.1.174', '0', 0, 0),
(175, 'C V Raman Nagar (SC)', 32, '193437', '155872', '6/9/2016', 'Master', '192.168.1.175', '0', 0, 0),
(176, 'Shivajinagar', 31, '194548', '155873', '6/9/2016', 'Master', '192.168.1.176', '0', 0, 0),
(177, 'Shanti Nagar', 31, '195659', '155874', '6/9/2016', 'Master', '192.168.1.177', '0', 0, 0),
(178, 'Gandhi Nagar', 31, '196770', '155875', '6/9/2016', 'Master', '192.168.1.178', '0', 0, 0),
(179, 'Rajaji Nagar', 31, '197881', '155876', '6/9/2016', 'Master', '192.168.1.179', '0', 0, 0),
(180, 'Chamrajpet', 31, '198992', '155877', '6/9/2016', 'Master', '192.168.1.180', '0', 0, 0),
(181, 'Mahadevapura (SC)', 34, '200103', '155878', '6/9/2016', 'Master', '192.168.1.181', '0', 0, 0),
(182, 'Rajarajeshwarinagar', 31, '201214', '155879', '6/9/2016', 'Master', '192.168.1.182', '0', 0, 0),
(183, 'Govindraj Nagar', 33, '202325', '155880', '6/9/2016', 'Master', '192.168.1.183', '0', 0, 0),
(184, 'Vijay Nagar', 33, '203436', '155881', '6/9/2016', 'Master', '192.168.1.184', '0', 0, 0),
(185, 'Chickpet', 31, '204547', '155882', '6/9/2016', 'Master', '192.168.1.185', '0', 0, 0),
(186, 'Basavanagudi', 33, '205658', '155883', '6/9/2016', 'Master', '192.168.1.186', '0', 0, 0),
(187, 'Padmanaba Nagar', 33, '206769', '155884', '6/9/2016', 'Master', '192.168.1.187', '0', 0, 0),
(188, 'B T M Layout', 33, '207880', '155885', '6/9/2016', 'Master', '192.168.1.188', '0', 0, 0),
(189, 'Jayanagar', 33, '208991', '155886', '6/9/2016', 'Master', '192.168.1.189', '0', 0, 0),
(190, 'Bommanahalli', 33, '210102', '155887', '6/9/2016', 'Master', '192.168.1.190', '0', 0, 0),
(191, 'Gauribidanur', 19, '211213', '155888', '6/9/2016', 'Master', '192.168.1.191', '0', 0, 0),
(192, 'Bagepalli', 19, '212324', '155889', '6/9/2016', 'Master', '192.168.1.192', '0', 0, 0),
(193, 'Chikkballapur', 19, '213435', '155890', '6/9/2016', 'Master', '192.168.1.193', '0', 0, 0),
(194, 'Sidlaghatta', 19, '214546', '155891', '6/9/2016', 'Master', '192.168.1.194', '0', 0, 0),
(195, 'Chintamani', 19, '215657', '155892', '6/9/2016', 'Master', '192.168.1.195', '0', 0, 0),
(196, 'Hosakote', 22, '216768', '155893', '6/9/2016', 'Master', '192.168.1.196', '0', 0, 0),
(197, 'Devanahalli (SC)', 22, '217879', '155894', '6/9/2016', 'Master', '192.168.1.197', '0', 0, 0),
(198, 'Dod Ballapur', 22, '218990', '155895', '6/9/2016', 'Master', '192.168.1.198', '0', 0, 0),
(199, 'Nelamangala (SC)', 22, '220101', '155896', '6/9/2016', 'Master', '192.168.1.199', '0', 0, 0),
(200, 'Srinivaspura', 20, '221212', '155897', '6/9/2016', 'Master', '192.168.1.200', '0', 0, 0),
(201, 'Mulbagal (SC)', 20, '222323', '155898', '6/9/2016', 'Master', '192.168.1.201', '0', 0, 0),
(202, 'Kolar Gold Fields (SC)', 20, '223434', '155899', '6/9/2016', 'Master', '192.168.1.202', '0', 0, 0),
(203, 'Bangarapet (SC)', 20, '224545', '155900', '6/9/2016', 'Master', '192.168.1.203', '0', 0, 0),
(204, 'Kolar', 20, '225656', '155901', '6/9/2016', 'Master', '192.168.1.204', '0', 0, 0),
(205, 'Malur', 20, '226767', '155902', '6/9/2016', 'Master', '192.168.1.205', '0', 0, 0),
(206, 'Ron', 8, '227878', '155903', '6/9/2016', 'Master', '192.168.1.206', '0', 0, 0),
(207, 'Gadag', 8, '228989', '155904', '6/9/2016', 'Master', '192.168.1.207', '0', 0, 0),
(208, 'Shirahatti', 8, '230100', '155905', '6/9/2016', 'Master', '192.168.1.208', '0', 0, 0),
(209, 'Nargund', 8, '231211', '155906', '6/9/2016', 'Master', '192.168.1.209', '0', 0, 0),
(210, 'Magadi', 23, '232322', '155907', '6/9/2016', 'Master', '192.168.1.210', '0', 0, 0),
(211, 'Ramanagaram', 23, '233433', '155908', '6/9/2016', 'Master', '192.168.1.211', '0', 0, 0),
(212, 'Kanakapura', 23, '234544', '155909', '6/9/2016', 'Master', '192.168.1.212', '0', 0, 0),
(213, 'Channapatna', 23, '235655', '155910', '6/9/2016', 'Master', '192.168.1.213', '0', 0, 0),
(214, 'Byndoor', 16, '236766', '155911', '6/9/2016', 'Master', '192.168.1.214', '0', 0, 0),
(215, 'Kundapura', 16, '237877', '155912', '6/9/2016', 'Master', '192.168.1.215', '0', 0, 0),
(216, 'Udupi', 16, '238988', '155913', '6/9/2016', 'Master', '192.168.1.216', '0', 0, 0),
(217, 'Kapu', 16, '240099', '155914', '6/9/2016', 'Master', '192.168.1.217', '0', 0, 0),
(218, 'Karkal', 16, '241210', '155915', '6/9/2016', 'Master', '192.168.1.218', '0', 0, 0),
(219, 'Madikeri', 27, '242321', '155916', '6/9/2016', 'Master', '192.168.1.219', '0', 0, 0),
(220, 'Virajpet', 27, '243432', '155917', '6/9/2016', 'Master', '192.168.1.220', '0', 0, 0),
(221, 'Shorapur (ST)', 35, '244543', '155918', '6/9/2016', 'Master', '192.168.1.221', '0', 0, 0),
(222, 'Shahpur', 35, '245654', '155919', '6/9/2016', 'Master', '192.168.1.222', '0', 0, 0),
(223, 'Yadgir', 35, '246765', '155920', '6/9/2016', 'Master', '192.168.1.223', '0', 0, 0),
(224, 'Gurmitkal', 35, '247876', '155921', '6/9/2016', 'Master', '192.168.1.224', '0', 0, 0);

-- --------------------------------------------------------

--
-- Table structure for table `campaigns`
--

CREATE TABLE IF NOT EXISTS `campaigns` (
  `campaign_id` int(11) NOT NULL AUTO_INCREMENT,
  `campaign_name` varchar(255) NOT NULL,
  PRIMARY KEY (`campaign_id`)
) ENGINE=InnoDB  DEFAULT CHARSET=latin1 AUTO_INCREMENT=4 ;

--
-- Dumping data for table `campaigns`
--

INSERT INTO `campaigns` (`campaign_id`, `campaign_name`) VALUES
(1, 'Main Campaign'),
(2, 'Internal Campaign'),
(3, 'Cause Campaign ');

-- --------------------------------------------------------

--
-- Table structure for table `districts`
--

CREATE TABLE IF NOT EXISTS `districts` (
  `district_id` int(11) NOT NULL AUTO_INCREMENT,
  `district_name` varchar(255) NOT NULL,
  PRIMARY KEY (`district_id`)
) ENGINE=InnoDB  DEFAULT CHARSET=latin1 AUTO_INCREMENT=34 ;

--
-- Dumping data for table `districts`
--

INSERT INTO `districts` (`district_id`, `district_name`) VALUES
(1, 'Belgaum'),
(2, 'Bagalkot'),
(3, 'Bijapur'),
(4, 'Gulbarga'),
(5, 'Raichur'),
(6, 'Bidar'),
(7, 'Koppal'),
(8, 'Bellary'),
(9, 'Haveri'),
(10, 'Dharwad'),
(11, 'Uttara Kannada'),
(12, 'Davanagere'),
(13, 'Shimoga'),
(14, 'Chikmagalur'),
(15, 'Hassan'),
(16, 'Dakshina Kannada'),
(17, 'Chitradurga'),
(18, 'Tumkur'),
(19, 'Mandya'),
(20, 'Mysore'),
(21, 'Chamarajanagar'),
(22, 'Bangalore Urban'),
(23, 'Bangalore North'),
(24, 'Bangalore Central'),
(25, 'Bangalore South'),
(26, 'Chikballapur'),
(27, 'Bangalore Rural'),
(28, 'Kolar'),
(29, 'Gadag'),
(30, 'Ramnagara'),
(31, 'Udupi'),
(32, 'Kodagu'),
(33, 'Yadgir');

-- --------------------------------------------------------

--
-- Table structure for table `district_users`
--

CREATE TABLE IF NOT EXISTS `district_users` (
  `district_user_id` int(11) NOT NULL AUTO_INCREMENT,
  `district_name` varchar(255) NOT NULL,
  `district_user_iemail` varchar(255) NOT NULL,
  `district_user_city` varchar(255) NOT NULL,
  `district_user_mobile` varchar(255) NOT NULL,
  PRIMARY KEY (`district_user_id`)
) ENGINE=InnoDB DEFAULT CHARSET=latin1 AUTO_INCREMENT=1 ;

/*!40101 SET CHARACTER_SET_CLIENT=@OLD_CHARACTER_SET_CLIENT */;
/*!40101 SET CHARACTER_SET_RESULTS=@OLD_CHARACTER_SET_RESULTS */;
/*!40101 SET COLLATION_CONNECTION=@OLD_COLLATION_CONNECTION */;
